Año,Rol,Nivel,Ubicación,Salario USD,Días Vacaciones,Horas de Capacitación Anual
2020,Desarrollador Backend,Semi-Senior,Argentina,4999.29,15,34
2017,Diseñador UX/UI,Semi-Senior,Argentina,3479.93,15,2
2021,Ingeniero de Datos,Junior,Uruguay,6598.36,27,44
2018,Ingeniero de Datos,Senior,Perú,9931.98,27,39
2020,Científico de Datos,Junior,Perú,4476.91,13,6
2023,Diseñador UX/UI,Junior,Perú,6164.57,26,26
2016,Científico de Datos,Senior,Argentina,4740.44,23,0
2020,Diseñador UX/UI,Senior,Brasil,8625.45,23,26
2021,Soporte Técnico,Semi-Senior,Argentina,9120.13,22,15
2018,Desarrollador Backend,Senior,México,8896.2,16,37
2017,Soporte Técnico,Semi-Senior,Colombia,9769.35,21,6
2021,Gerente de Proyectos,Semi-Senior,Perú,1247.67,24,43
2021,Administrador de Sistemas,Semi-Senior,Brasil,8558.35,28,22
2016,Analista de Datos,Senior,Chile,7765.95,20,40
2019,Diseñador UX/UI,Junior,Chile,3058.25,24,10
2018,Gerente de Proyectos,Semi-Senior,Colombia,9606.88,21,41
2015,Administrador de Sistemas,Junior,Brasil,2333.6,12,32
2021,Ingeniero de Software,Junior,Argentina,7115.95,26,49
2019,Desarrollador Backend,Senior,Argentina,3024.01,12,35
2015,Científico de Datos,Junior,México,4882.43,28,36
2018,Científico de Datos,Junior,México,7472.44,29,40
2014,Soporte Técnico,Senior,Argentina,6069.92,13,16
2023,Ingeniero de Datos,Semi-Senior,Chile,4847.52,12,34
2019,Administrador de Sistemas,Junior,Perú,3937.05,25,47
2022,Ingeniero de Software,Senior,Chile,8556.94,21,4
2014,Gerente de Proyectos,Junior,México,2294.33,17,47
2023,Desarrollador Backend,Junior,Colombia,4870.93,26,31
2016,Administrador de Sistemas,Semi-Senior,Argentina,9133.82,16,2
2020,Ingeniero de Software,Junior,México,8612.65,20,46
2017,Analista de Datos,Senior,México,4608.48,27,34
2022,Diseñador UX/UI,Junior,Perú,7867.98,10,13
2016,Científico de Datos,Semi-Senior,Argentina,8408.45,12,47
2018,Gerente de Proyectos,Semi-Senior,Perú,8999.99,13,30
2016,Científico de Datos,Senior,Argentina,5900.55,22,30
2020,Gerente de Proyectos,Semi-Senior,Perú,2840.15,15,16
2018,Soporte Técnico,Junior,Chile,3297.78,23,23
2022,Ingeniero de Datos,Semi-Senior,Colombia,3661.25,14,22
2020,Gerente de Proyectos,Senior,Colombia,6344.22,25,17
2015,Científico de Datos,Semi-Senior,Argentina,1295.29,24,49
2017,Soporte Técnico,Semi-Senior,Brasil,6724.38,24,13
2022,Gerente de Proyectos,Semi-Senior,Uruguay,4279.19,13,49
2015,Analista de Datos,Senior,México,3657.18,17,14
2023,Ingeniero de Datos,Semi-Senior,México,8915.47,25,14
2022,Gerente de Proyectos,Semi-Senior,Argentina,5140.02,25,5
2023,Soporte Técnico,Junior,Perú,1855.48,13,26
2018,Administrador de Sistemas,Senior,Brasil,8440.72,22,14
2015,Desarrollador Frontend,Semi-Senior,Chile,1428.77,22,49
2017,Ingeniero de Software,Senior,Perú,7540.74,11,35
2020,Desarrollador Frontend,Semi-Senior,Perú,7965.16,12,7
2021,Desarrollador Frontend,Semi-Senior,Argentina,4173.42,17,14
2016,Desarrollador Backend,Semi-Senior,Argentina,8423.09,24,2
2014,Analista de Datos,Junior,México,5640.93,20,46
2017,Administrador de Sistemas,Junior,Argentina,5169.64,18,12
2015,Diseñador UX/UI,Junior,Argentina,1408.63,16,40
2021,Gerente de Proyectos,Senior,Argentina,3610.26,22,33
2017,Ingeniero de Software,Senior,México,9379.09,11,23
2015,Ingeniero de Datos,Junior,Chile,4526.42,17,39
2019,Administrador de Sistemas,Senior,Chile,5920.3,16,31
2019,Científico de Datos,Semi-Senior,Uruguay,5788.2,21,31
2023,Diseñador UX/UI,Semi-Senior,Uruguay,6313.88,28,29
2017,Desarrollador Backend,Semi-Senior,Argentina,1551.98,16,48
2019,Desarrollador Backend,Junior,Uruguay,4259.59,19,12
2015,Administrador de Sistemas,Senior,México,7508.15,25,0
2023,Soporte Técnico,Junior,Chile,2805.04,12,33
2015,Desarrollador Frontend,Senior,Perú,2832.21,19,14
2023,Científico de Datos,Semi-Senior,Chile,1090.82,15,43
2017,Desarrollador Backend,Junior,Chile,4937.34,27,13
2021,Ingeniero de Software,Senior,México,8944.61,27,28
2020,Desarrollador Backend,Senior,Uruguay,1467.11,14,33
2022,Ingeniero de Datos,Semi-Senior,Perú,2720.07,16,17
2021,Gerente de Proyectos,Junior,México,3790.76,11,6
2018,Desarrollador Backend,Junior,Argentina,7585.52,20,28
2015,Ingeniero de Datos,Junior,Colombia,6765.72,22,30
2018,Administrador de Sistemas,Semi-Senior,Chile,4743.5,14,24
2021,Administrador de Sistemas,Junior,Colombia,7831.62,15,37
2023,Diseñador UX/UI,Semi-Senior,México,6486.68,23,13
2022,Desarrollador Backend,Semi-Senior,México,9064.37,21,7
2022,Ingeniero de Software,Semi-Senior,México,8362.24,13,26
2014,Desarrollador Backend,Senior,Colombia,3275.32,15,1
2022,Ingeniero de Software,Junior,México,3442.95,19,16
2020,Analista de Datos,Junior,Argentina,2128.21,27,36
2022,Diseñador UX/UI,Semi-Senior,México,4032.68,24,13
2021,Analista de Datos,Semi-Senior,Brasil,9995.9,17,24
2014,Desarrollador Backend,Junior,Uruguay,4651.76,18,29
2021,Diseñador UX/UI,Semi-Senior,Colombia,2984.4,14,28
2021,Analista de Datos,Junior,Brasil,7862.35,19,19
2016,Desarrollador Frontend,Senior,México,5882.24,29,20
2014,Desarrollador Backend,Semi-Senior,Argentina,2346.41,15,21
2021,Analista de Datos,Junior,Chile,4426.21,25,34
2016,Desarrollador Frontend,Semi-Senior,Perú,4730.23,12,36
2016,Desarrollador Frontend,Junior,Uruguay,7784.47,19,15
2014,Administrador de Sistemas,Junior,Perú,1186.04,20,49
2018,Desarrollador Backend,Semi-Senior,México,3421.18,20,48
2023,Desarrollador Frontend,Senior,Uruguay,5658.37,26,42
2020,Administrador de Sistemas,Junior,Uruguay,3419.62,13,16
2023,Analista de Datos,Junior,Argentina,6655.91,13,15
2022,Ingeniero de Datos,Junior,Uruguay,5336.81,26,1
2020,Desarrollador Backend,Senior,Colombia,4255.39,18,3
2022,Diseñador UX/UI,Senior,Brasil,9542.88,28,20
2021,Ingeniero de Software,Semi-Senior,Brasil,6689.44,14,38
2015,Ingeniero de Software,Senior,Brasil,2169.47,15,33
2014,Analista de Datos,Semi-Senior,Colombia,6040.83,12,29
2020,Soporte Técnico,Semi-Senior,Perú,8026.59,10,5
2020,Soporte Técnico,Senior,Argentina,7376.41,29,16
2021,Analista de Datos,Semi-Senior,Uruguay,2548.8,25,38
2018,Desarrollador Frontend,Senior,Colombia,9751.78,20,24
2016,Desarrollador Backend,Semi-Senior,Brasil,5039.32,22,4
2021,Ingeniero de Software,Senior,México,2431.23,19,4
2019,Ingeniero de Software,Senior,Chile,2621.76,12,19
2016,Desarrollador Frontend,Semi-Senior,Uruguay,1884.11,18,15
2014,Ingeniero de Software,Junior,Colombia,8231.66,21,40
2016,Diseñador UX/UI,Semi-Senior,Colombia,2098.27,23,36
2018,Desarrollador Backend,Senior,Argentina,2126.13,10,39
2016,Gerente de Proyectos,Junior,Argentina,8654.24,27,8
2014,Ingeniero de Software,Semi-Senior,Colombia,4101.44,26,4
2018,Analista de Datos,Semi-Senior,Brasil,1277.72,18,41
2023,Diseñador UX/UI,Semi-Senior,Chile,1467.06,18,1
2020,Ingeniero de Software,Junior,Uruguay,2279.53,19,8
2020,Diseñador UX/UI,Senior,Argentina,2920.54,28,42
2022,Administrador de Sistemas,Semi-Senior,Uruguay,6986.32,24,35
2023,Gerente de Proyectos,Semi-Senior,Brasil,2415.94,14,21
2023,Científico de Datos,Semi-Senior,Uruguay,2069.87,24,21
2016,Analista de Datos,Semi-Senior,México,7882.47,29,21
2020,Analista de Datos,Semi-Senior,Argentina,7039.5,11,33
2014,Desarrollador Backend,Senior,Brasil,4917.92,22,28
2017,Diseñador UX/UI,Senior,Brasil,5943.79,25,37
2017,Desarrollador Frontend,Semi-Senior,Chile,3807.86,24,45
2018,Analista de Datos,Junior,Chile,5342.5,19,32
2020,Diseñador UX/UI,Senior,México,5560.05,23,17
2020,Diseñador UX/UI,Junior,Brasil,4485.14,19,6
2017,Ingeniero de Datos,Senior,Perú,9159.15,23,0
2020,Ingeniero de Datos,Semi-Senior,Brasil,1144.56,18,32
2016,Científico de Datos,Senior,Chile,8039.54,23,0
2019,Administrador de Sistemas,Semi-Senior,Perú,2119.45,12,23
2015,Científico de Datos,Senior,Argentina,8177.93,29,3
2023,Ingeniero de Software,Semi-Senior,Argentina,6543.21,25,3
2022,Desarrollador Frontend,Semi-Senior,Uruguay,8589.5,11,17
2018,Ingeniero de Software,Semi-Senior,Colombia,1877.63,19,26
2019,Soporte Técnico,Semi-Senior,Chile,6030.83,12,42
2017,Ingeniero de Software,Junior,Colombia,5509.79,20,31
2023,Desarrollador Backend,Semi-Senior,Perú,7355.74,20,32
2020,Ingeniero de Software,Junior,Chile,5808.61,22,27
2022,Científico de Datos,Junior,México,5866.61,16,41
2020,Analista de Datos,Semi-Senior,Brasil,4866.36,26,40
2014,Analista de Datos,Junior,México,3779.51,11,35
2014,Ingeniero de Datos,Senior,Perú,5340.38,21,5
2022,Desarrollador Frontend,Semi-Senior,Chile,2066.43,19,15
2022,Desarrollador Frontend,Junior,Perú,9653.62,27,33
2017,Desarrollador Backend,Semi-Senior,Brasil,7429.7,20,22
2022,Científico de Datos,Semi-Senior,Argentina,9572.2,25,49
2016,Ingeniero de Datos,Semi-Senior,Argentina,3040.55,26,41
2020,Soporte Técnico,Junior,Perú,8914.07,28,23
2019,Desarrollador Frontend,Senior,Colombia,8279.11,27,48
2021,Analista de Datos,Senior,Chile,7094.37,12,12
2022,Ingeniero de Software,Junior,Chile,6625.26,25,17
2018,Ingeniero de Software,Semi-Senior,Argentina,3848.95,15,12
2014,Ingeniero de Datos,Junior,Uruguay,8347.7,21,48
2016,Científico de Datos,Junior,México,5513.64,20,36
2023,Científico de Datos,Junior,Uruguay,1638.02,24,42
2021,Administrador de Sistemas,Semi-Senior,Brasil,3815.77,24,38
2019,Gerente de Proyectos,Junior,México,9417.67,25,41
2021,Desarrollador Frontend,Semi-Senior,México,8656.12,19,16
2022,Científico de Datos,Junior,Perú,9837.15,21,14
2017,Analista de Datos,Senior,Argentina,6651.94,22,17
2014,Ingeniero de Datos,Junior,Uruguay,3227.59,13,22
2014,Soporte Técnico,Junior,Uruguay,2465.34,16,29
2023,Administrador de Sistemas,Senior,Argentina,2682.23,11,33
2017,Diseñador UX/UI,Semi-Senior,Uruguay,1178.16,24,3
2020,Desarrollador Backend,Semi-Senior,Argentina,4516.14,17,2
2015,Soporte Técnico,Junior,Perú,2722.85,16,6
2016,Diseñador UX/UI,Senior,Colombia,4704.9,24,17
2014,Ingeniero de Software,Semi-Senior,México,9414.95,23,41
2018,Desarrollador Backend,Junior,Perú,4874.86,17,6
2014,Desarrollador Frontend,Senior,Chile,8901.86,21,39
2021,Analista de Datos,Semi-Senior,Brasil,6449.54,22,5
2014,Desarrollador Backend,Semi-Senior,Colombia,3224.18,20,21
2014,Gerente de Proyectos,Senior,Chile,4202.69,26,0
2015,Diseñador UX/UI,Senior,México,1755.28,26,3
2015,Desarrollador Frontend,Senior,Uruguay,4001.16,13,45
2019,Gerente de Proyectos,Senior,Argentina,7097.87,17,48
2020,Ingeniero de Software,Junior,México,1649.0,14,49
2018,Gerente de Proyectos,Senior,Perú,2848.61,25,42
2014,Administrador de Sistemas,Semi-Senior,Brasil,4432.97,13,28
2014,Administrador de Sistemas,Semi-Senior,Perú,9838.45,24,20
2016,Ingeniero de Datos,Junior,Colombia,8063.76,21,25
2015,Soporte Técnico,Semi-Senior,Colombia,7601.38,14,13
2018,Soporte Técnico,Semi-Senior,Brasil,2045.72,25,8
2023,Desarrollador Frontend,Senior,Chile,8028.96,23,46
2019,Ingeniero de Software,Semi-Senior,Chile,8067.42,19,11
2020,Científico de Datos,Junior,Colombia,6409.92,16,41
2017,Administrador de Sistemas,Senior,Colombia,9913.26,22,5
2020,Desarrollador Frontend,Senior,Uruguay,3927.29,29,19
2021,Científico de Datos,Junior,Argentina,9471.45,14,23
2014,Soporte Técnico,Senior,Uruguay,9232.58,12,26
2019,Ingeniero de Datos,Senior,Uruguay,1103.33,24,37
2021,Gerente de Proyectos,Junior,Chile,5051.05,13,7
2018,Administrador de Sistemas,Senior,Brasil,9793.94,24,0
2017,Desarrollador Frontend,Junior,Chile,1928.09,23,48
2015,Desarrollador Backend,Junior,Argentina,5930.06,29,48
2019,Científico de Datos,Semi-Senior,Perú,9810.62,28,23
2019,Gerente de Proyectos,Semi-Senior,Colombia,5999.46,22,46
2014,Administrador de Sistemas,Senior,Colombia,2708.34,19,6
2022,Soporte Técnico,Senior,Argentina,6239.65,14,18
2019,Ingeniero de Software,Junior,Uruguay,2839.97,29,21
2016,Científico de Datos,Senior,Brasil,5677.34,29,34
2017,Soporte Técnico,Junior,Colombia,1666.38,15,29
2017,Administrador de Sistemas,Junior,México,6449.34,13,28
2016,Científico de Datos,Senior,Uruguay,5651.11,11,21
2023,Gerente de Proyectos,Junior,Colombia,7661.45,25,10
2016,Administrador de Sistemas,Semi-Senior,México,6676.3,27,19
2016,Diseñador UX/UI,Senior,Argentina,5946.46,14,28
2017,Desarrollador Frontend,Semi-Senior,Argentina,7208.01,13,40
2020,Gerente de Proyectos,Senior,Uruguay,2295.48,22,41
2017,Científico de Datos,Junior,Colombia,6358.24,28,33
2022,Ingeniero de Software,Senior,Chile,2549.0,11,0
2014,Soporte Técnico,Semi-Senior,México,9329.7,22,30
2021,Desarrollador Backend,Junior,Brasil,1615.01,20,29
2020,Soporte Técnico,Senior,Colombia,4873.37,13,47
2015,Científico de Datos,Senior,Brasil,7262.18,29,17
2021,Soporte Técnico,Senior,Colombia,5122.2,29,16
2014,Desarrollador Frontend,Semi-Senior,Chile,1828.86,24,37
2022,Administrador de Sistemas,Semi-Senior,Chile,5980.41,13,13
2022,Desarrollador Backend,Senior,Uruguay,6774.69,18,22
2015,Analista de Datos,Junior,Uruguay,7334.13,16,24
2020,Científico de Datos,Junior,Chile,4359.34,28,14
2023,Ingeniero de Datos,Semi-Senior,Perú,6072.94,28,45
2016,Analista de Datos,Junior,Chile,5056.18,15,21
2020,Soporte Técnico,Semi-Senior,Argentina,7048.5,15,2
2023,Científico de Datos,Senior,Argentina,6252.01,29,18
2022,Diseñador UX/UI,Semi-Senior,Perú,5731.81,24,43
2017,Ingeniero de Datos,Semi-Senior,México,3245.72,24,33
2014,Desarrollador Backend,Senior,Brasil,1018.17,29,34
2015,Ingeniero de Software,Junior,Colombia,2566.74,18,49
2014,Diseñador UX/UI,Semi-Senior,Colombia,2053.59,13,0
2018,Analista de Datos,Semi-Senior,Perú,5041.76,27,20
2018,Administrador de Sistemas,Senior,Argentina,6510.32,27,28
2020,Desarrollador Frontend,Junior,Uruguay,2917.77,14,5
2022,Ingeniero de Software,Semi-Senior,Colombia,9451.51,29,36
2022,Diseñador UX/UI,Senior,Argentina,1060.14,20,0
2016,Administrador de Sistemas,Semi-Senior,México,7950.71,14,0
2016,Administrador de Sistemas,Senior,Brasil,6626.84,13,26
2016,Científico de Datos,Junior,México,4361.99,21,20
2017,Diseñador UX/UI,Junior,Perú,1454.4,11,15
2021,Desarrollador Backend,Junior,Chile,6647.38,22,43
2019,Soporte Técnico,Junior,Chile,4470.52,19,39
2021,Ingeniero de Datos,Semi-Senior,Chile,9426.4,18,25
2014,Ingeniero de Datos,Semi-Senior,México,5877.91,19,15
2021,Analista de Datos,Junior,Colombia,9456.86,16,27
2017,Analista de Datos,Junior,Brasil,2984.35,13,0
2014,Ingeniero de Datos,Junior,Chile,7531.53,28,35
2021,Desarrollador Backend,Semi-Senior,Perú,6555.24,19,9
2017,Desarrollador Frontend,Junior,Perú,7654.67,12,42
2019,Gerente de Proyectos,Junior,Chile,2932.01,28,16
2021,Soporte Técnico,Junior,Chile,6984.95,11,22
2017,Desarrollador Frontend,Senior,Brasil,5482.36,29,6
2016,Científico de Datos,Junior,Chile,7685.42,19,43
2022,Gerente de Proyectos,Senior,Brasil,3943.4,11,6
2016,Gerente de Proyectos,Senior,Perú,9010.51,11,43
2022,Diseñador UX/UI,Junior,Chile,1758.71,26,14
2015,Desarrollador Backend,Senior,México,8264.7,25,33
2015,Desarrollador Backend,Junior,Uruguay,8751.88,25,45
2015,Gerente de Proyectos,Semi-Senior,México,8355.27,23,44
2019,Diseñador UX/UI,Semi-Senior,Perú,5614.54,16,3
2016,Soporte Técnico,Semi-Senior,Brasil,4945.46,20,13
2022,Gerente de Proyectos,Semi-Senior,México,9966.36,10,13
2017,Ingeniero de Software,Senior,Brasil,3062.55,20,15
2014,Analista de Datos,Junior,México,5921.88,13,6
2017,Analista de Datos,Junior,México,7036.08,16,31
2014,Desarrollador Frontend,Junior,Brasil,7307.81,24,18
2018,Científico de Datos,Semi-Senior,Colombia,2836.22,27,1
2017,Analista de Datos,Semi-Senior,México,6885.95,21,9
2021,Administrador de Sistemas,Junior,Chile,8365.33,26,49
2021,Desarrollador Frontend,Semi-Senior,Uruguay,1450.17,10,16
2020,Analista de Datos,Junior,Perú,9203.69,20,36
2016,Científico de Datos,Junior,Colombia,1265.54,10,11
2014,Desarrollador Backend,Junior,Brasil,4203.74,24,5
2014,Desarrollador Backend,Junior,Colombia,1142.32,19,21
2016,Soporte Técnico,Junior,Argentina,1694.31,16,31
2019,Gerente de Proyectos,Junior,Argentina,9200.51,11,40
2020,Ingeniero de Software,Junior,México,4193.75,19,19
2019,Desarrollador Backend,Semi-Senior,México,4822.94,13,0
2019,Diseñador UX/UI,Junior,Chile,2938.1,21,46
2019,Analista de Datos,Junior,Uruguay,6373.86,28,5
2016,Diseñador UX/UI,Semi-Senior,Perú,6353.23,20,18
2019,Científico de Datos,Semi-Senior,Colombia,4349.8,17,17
2021,Desarrollador Backend,Semi-Senior,Argentina,3997.31,27,5
2015,Ingeniero de Software,Junior,México,8964.68,20,44
2018,Científico de Datos,Senior,Perú,4449.56,20,32
2014,Administrador de Sistemas,Senior,Colombia,5441.51,22,22
2014,Administrador de Sistemas,Semi-Senior,México,3549.74,12,22
2018,Diseñador UX/UI,Senior,México,8080.93,21,25
2016,Gerente de Proyectos,Semi-Senior,Argentina,4577.03,12,12
2017,Desarrollador Frontend,Junior,Argentina,5622.5,19,6
2016,Gerente de Proyectos,Senior,México,3280.21,26,14
2014,Soporte Técnico,Junior,Brasil,9888.94,11,43
2014,Gerente de Proyectos,Senior,México,3623.46,26,26
2018,Soporte Técnico,Junior,Perú,7936.68,25,25
2019,Soporte Técnico,Senior,México,4847.46,11,32
2016,Ingeniero de Software,Junior,Chile,2855.96,29,14
2022,Desarrollador Backend,Junior,Uruguay,8197.47,15,35
2018,Ingeniero de Software,Senior,Chile,4002.46,19,44
2021,Soporte Técnico,Junior,Chile,8786.74,19,26
2014,Científico de Datos,Junior,Brasil,9237.31,17,4
2018,Administrador de Sistemas,Junior,Brasil,8738.41,10,1
2016,Soporte Técnico,Senior,México,1315.07,22,32
2014,Ingeniero de Software,Senior,Chile,8086.36,18,15
2017,Científico de Datos,Junior,Brasil,4702.06,19,22
2018,Ingeniero de Software,Junior,Argentina,8863.51,24,37
2020,Gerente de Proyectos,Senior,México,6741.59,14,15
2014,Analista de Datos,Senior,Perú,8502.79,25,13
2016,Diseñador UX/UI,Junior,Uruguay,5494.89,22,28
2015,Desarrollador Frontend,Junior,Colombia,5815.23,29,25
2022,Ingeniero de Software,Junior,México,2299.49,27,34
2023,Desarrollador Frontend,Semi-Senior,Colombia,8055.89,20,14
2019,Ingeniero de Datos,Senior,Chile,4774.51,18,2
2023,Ingeniero de Software,Semi-Senior,Uruguay,5500.72,25,22
2016,Analista de Datos,Senior,Colombia,8065.88,11,28
2021,Desarrollador Frontend,Senior,Chile,6389.61,11,33
2021,Soporte Técnico,Senior,Argentina,2809.89,21,32
2015,Ingeniero de Software,Senior,Colombia,6312.09,17,40
2019,Desarrollador Backend,Senior,Uruguay,4668.7,18,40
2020,Diseñador UX/UI,Senior,México,5225.73,21,22
2015,Analista de Datos,Senior,Chile,1254.8,18,6
2023,Desarrollador Frontend,Semi-Senior,México,2890.26,19,2
2015,Analista de Datos,Junior,Uruguay,3529.34,11,31
2023,Científico de Datos,Junior,Brasil,7416.64,25,30
2014,Diseñador UX/UI,Semi-Senior,Chile,1103.43,29,17
2021,Soporte Técnico,Semi-Senior,Colombia,4679.0,16,42
2014,Ingeniero de Software,Semi-Senior,Chile,9316.24,11,6
2022,Ingeniero de Software,Semi-Senior,México,2006.93,10,40
2019,Ingeniero de Software,Senior,Argentina,5647.82,28,0
2020,Diseñador UX/UI,Junior,Chile,8078.7,13,13
2023,Desarrollador Backend,Senior,Colombia,9482.78,11,31
2020,Ingeniero de Datos,Junior,Brasil,7720.99,23,5
2023,Administrador de Sistemas,Junior,Perú,7485.09,11,38
2016,Gerente de Proyectos,Semi-Senior,Argentina,8438.39,24,9
2015,Desarrollador Frontend,Senior,Brasil,5015.81,21,6
2022,Desarrollador Backend,Semi-Senior,Chile,8252.6,14,25
2021,Soporte Técnico,Senior,México,1071.68,29,33
2023,Desarrollador Frontend,Junior,Uruguay,9321.05,16,29
2020,Ingeniero de Software,Semi-Senior,México,4989.76,19,35
2022,Analista de Datos,Semi-Senior,Colombia,5980.42,23,20
2017,Soporte Técnico,Junior,México,3293.94,23,16
2017,Desarrollador Frontend,Junior,Argentina,7682.78,14,32
2014,Ingeniero de Software,Junior,México,1689.72,27,9
2021,Desarrollador Frontend,Semi-Senior,Colombia,8853.72,23,46
2016,Analista de Datos,Senior,Perú,8453.05,11,41
2020,Ingeniero de Software,Semi-Senior,Chile,2944.54,21,11
2015,Ingeniero de Datos,Senior,Uruguay,8283.92,15,15
2015,Desarrollador Backend,Semi-Senior,Chile,8077.22,13,40
2020,Científico de Datos,Semi-Senior,México,6689.95,22,31
2019,Gerente de Proyectos,Junior,Brasil,4361.68,13,14
2016,Diseñador UX/UI,Senior,Chile,3443.49,23,26
2022,Gerente de Proyectos,Semi-Senior,Perú,3086.05,25,27
2023,Soporte Técnico,Semi-Senior,México,3867.48,13,16
2019,Gerente de Proyectos,Junior,Uruguay,9132.03,10,45
2023,Ingeniero de Software,Junior,Colombia,1698.77,22,49
2023,Ingeniero de Datos,Senior,Perú,8459.84,13,1
2019,Científico de Datos,Semi-Senior,México,4140.01,29,35
2014,Desarrollador Backend,Senior,Perú,5694.39,27,49
2017,Desarrollador Backend,Semi-Senior,Chile,8150.37,15,6
2023,Analista de Datos,Senior,Uruguay,8959.39,12,12
2019,Diseñador UX/UI,Junior,Colombia,4103.03,22,14
2019,Desarrollador Frontend,Semi-Senior,México,5156.59,25,24
2018,Ingeniero de Datos,Senior,Argentina,4730.64,14,22
2014,Desarrollador Frontend,Junior,Colombia,1119.26,13,21
2021,Científico de Datos,Junior,Argentina,3663.49,17,25
2018,Gerente de Proyectos,Senior,Perú,5132.7,28,32
2018,Desarrollador Backend,Semi-Senior,Brasil,4699.84,23,10
2020,Científico de Datos,Semi-Senior,Colombia,7497.36,16,9
2017,Gerente de Proyectos,Junior,Perú,4463.23,23,24
2019,Desarrollador Backend,Semi-Senior,Argentina,5404.39,15,36
2017,Gerente de Proyectos,Semi-Senior,Chile,4866.48,21,47
2016,Diseñador UX/UI,Semi-Senior,Chile,7665.64,25,42
2020,Ingeniero de Datos,Junior,Brasil,8766.75,26,37
2021,Soporte Técnico,Senior,Colombia,5787.0,22,40
2017,Científico de Datos,Semi-Senior,Colombia,8104.89,23,44
2015,Científico de Datos,Junior,Colombia,3671.08,16,23
2023,Administrador de Sistemas,Junior,Perú,5872.33,23,39
2016,Ingeniero de Software,Senior,Uruguay,4107.07,24,45
2014,Diseñador UX/UI,Semi-Senior,Uruguay,4727.81,21,32
2021,Diseñador UX/UI,Semi-Senior,Brasil,7591.72,26,16
2016,Desarrollador Frontend,Senior,Colombia,8934.96,18,23
2023,Gerente de Proyectos,Senior,Perú,2093.46,24,36
2020,Ingeniero de Software,Junior,Chile,6711.75,21,1
2023,Ingeniero de Datos,Junior,Argentina,6239.29,11,31
2018,Ingeniero de Datos,Senior,Perú,2065.74,14,23
2023,Diseñador UX/UI,Semi-Senior,Uruguay,2907.05,22,8
2018,Ingeniero de Datos,Junior,Uruguay,3799.02,29,3
2020,Administrador de Sistemas,Junior,Chile,2502.38,17,16
2022,Científico de Datos,Semi-Senior,Chile,3193.57,23,16
2018,Analista de Datos,Junior,Argentina,3408.41,24,49
2014,Soporte Técnico,Semi-Senior,Chile,4021.06,20,47
2023,Desarrollador Frontend,Semi-Senior,Brasil,7744.51,10,29
2023,Gerente de Proyectos,Semi-Senior,Argentina,6147.21,12,39
2014,Soporte Técnico,Senior,Chile,9876.22,26,10
2015,Gerente de Proyectos,Senior,México,4732.62,28,20
2019,Desarrollador Backend,Senior,Perú,7784.79,23,20
2022,Soporte Técnico,Semi-Senior,Chile,8843.22,17,17
2021,Analista de Datos,Semi-Senior,Brasil,7110.81,22,28
2018,Diseñador UX/UI,Senior,Colombia,4706.78,29,23
2014,Administrador de Sistemas,Junior,Chile,7782.35,12,9
2020,Científico de Datos,Semi-Senior,Uruguay,2833.0,14,44
2018,Científico de Datos,Junior,Uruguay,3947.97,18,16
2019,Administrador de Sistemas,Junior,Uruguay,5920.17,15,17
2020,Ingeniero de Software,Semi-Senior,Colombia,6178.68,11,41
2016,Desarrollador Backend,Semi-Senior,Uruguay,1199.27,22,47
2023,Gerente de Proyectos,Junior,México,9506.03,14,19
2016,Analista de Datos,Junior,Chile,7269.65,17,36
2018,Ingeniero de Datos,Senior,Uruguay,5461.33,10,44
2019,Soporte Técnico,Senior,Argentina,9398.15,29,17
2022,Desarrollador Backend,Semi-Senior,Colombia,4951.86,21,16
2018,Soporte Técnico,Senior,México,9823.92,20,8
2014,Analista de Datos,Senior,Argentina,5610.56,16,13
2017,Desarrollador Frontend,Senior,Argentina,2028.57,24,48
2018,Desarrollador Frontend,Senior,Argentina,7883.21,20,28
2023,Desarrollador Backend,Junior,Argentina,7110.08,25,30
2023,Diseñador UX/UI,Semi-Senior,Chile,7956.88,12,3
2018,Analista de Datos,Senior,Uruguay,9562.98,29,17
2020,Analista de Datos,Junior,Perú,7988.4,23,19
2017,Administrador de Sistemas,Junior,Chile,6502.03,12,46
2014,Diseñador UX/UI,Junior,Chile,8715.78,10,42
2018,Gerente de Proyectos,Senior,México,7059.22,24,43
2020,Gerente de Proyectos,Senior,México,4673.07,10,8
2023,Ingeniero de Datos,Semi-Senior,Uruguay,8970.58,26,12
2023,Científico de Datos,Senior,Perú,2997.1,11,14
2019,Desarrollador Frontend,Senior,México,7431.77,29,26
2018,Gerente de Proyectos,Junior,Uruguay,8934.07,15,14
2017,Diseñador UX/UI,Semi-Senior,Uruguay,7581.85,17,27
2015,Analista de Datos,Senior,Brasil,7275.48,25,36
2017,Gerente de Proyectos,Senior,Perú,7773.74,28,18
2023,Analista de Datos,Junior,México,5185.5,10,25
2023,Gerente de Proyectos,Junior,Perú,8867.54,12,25
2016,Desarrollador Frontend,Senior,Chile,2830.93,12,24
2023,Soporte Técnico,Semi-Senior,Chile,2146.48,14,25
2014,Gerente de Proyectos,Semi-Senior,Perú,3569.58,21,25
2021,Diseñador UX/UI,Junior,Brasil,5784.2,21,45
2018,Gerente de Proyectos,Junior,Brasil,5595.06,29,27
2017,Científico de Datos,Senior,Perú,8385.39,22,48
2021,Desarrollador Frontend,Junior,México,4641.12,29,17
2020,Diseñador UX/UI,Senior,Colombia,5359.1,18,31
2015,Administrador de Sistemas,Semi-Senior,Brasil,1120.31,16,2
2014,Diseñador UX/UI,Semi-Senior,Argentina,4687.65,13,1
2017,Científico de Datos,Senior,Chile,6829.97,28,32
2021,Soporte Técnico,Junior,Perú,1139.57,28,41
2015,Desarrollador Frontend,Semi-Senior,Argentina,3527.94,15,18
2016,Administrador de Sistemas,Junior,Perú,2871.61,22,16
2014,Científico de Datos,Semi-Senior,Uruguay,1377.87,20,43
2014,Científico de Datos,Senior,Chile,5313.34,22,32
2016,Desarrollador Backend,Senior,Chile,2635.51,22,11
2018,Desarrollador Frontend,Senior,Brasil,7687.73,29,48
2016,Diseñador UX/UI,Semi-Senior,Brasil,8631.35,24,2
2014,Analista de Datos,Junior,Argentina,5910.27,22,42
2014,Soporte Técnico,Junior,Uruguay,9835.37,20,48
2021,Analista de Datos,Junior,Perú,5054.31,28,25
2023,Diseñador UX/UI,Semi-Senior,Uruguay,5620.31,17,34
2015,Diseñador UX/UI,Semi-Senior,Chile,9902.96,29,7
2016,Desarrollador Frontend,Semi-Senior,Argentina,3083.94,17,35
2015,Diseñador UX/UI,Semi-Senior,Colombia,9482.91,19,6
2016,Desarrollador Backend,Semi-Senior,Argentina,1385.54,25,45
2020,Administrador de Sistemas,Junior,México,5017.48,28,45
2014,Diseñador UX/UI,Semi-Senior,Argentina,1630.03,20,35
2023,Analista de Datos,Semi-Senior,Uruguay,7563.11,22,15
2021,Diseñador UX/UI,Junior,México,6475.68,18,23
2023,Desarrollador Backend,Semi-Senior,México,7359.71,29,0
2023,Gerente de Proyectos,Junior,México,4370.32,28,48
2023,Gerente de Proyectos,Junior,Colombia,4325.34,25,24
2015,Científico de Datos,Senior,Argentina,1407.87,16,9
2016,Soporte Técnico,Senior,Uruguay,4149.5,28,15
2022,Ingeniero de Datos,Senior,Argentina,9363.6,21,15
2020,Administrador de Sistemas,Senior,Colombia,4413.04,24,7
2017,Ingeniero de Software,Semi-Senior,Chile,8482.31,23,28
2023,Científico de Datos,Senior,Brasil,8580.93,20,38
2018,Soporte Técnico,Junior,Uruguay,4359.17,19,27
2015,Gerente de Proyectos,Semi-Senior,Uruguay,6687.9,20,5
2021,Analista de Datos,Senior,Argentina,1858.34,15,15
2017,Ingeniero de Software,Junior,Brasil,1933.11,11,19
2022,Soporte Técnico,Semi-Senior,Perú,1437.92,20,15
2018,Soporte Técnico,Semi-Senior,Perú,6229.14,28,6
2022,Científico de Datos,Senior,Colombia,4834.64,15,40
2017,Ingeniero de Software,Semi-Senior,Perú,5932.29,23,13
2023,Desarrollador Frontend,Junior,Uruguay,5689.66,29,42
2018,Ingeniero de Datos,Semi-Senior,Perú,4151.83,15,25
2022,Desarrollador Frontend,Junior,Chile,7097.26,26,25
2021,Ingeniero de Software,Semi-Senior,Chile,7826.52,19,13
2016,Desarrollador Frontend,Senior,Chile,1131.65,10,6
2014,Desarrollador Backend,Junior,Perú,2865.18,12,32
2016,Gerente de Proyectos,Semi-Senior,Colombia,7419.12,17,25
2017,Desarrollador Backend,Semi-Senior,México,4479.58,17,44
2015,Diseñador UX/UI,Semi-Senior,México,6962.36,29,19
2014,Desarrollador Frontend,Junior,Brasil,4122.66,24,2
2020,Diseñador UX/UI,Junior,México,4516.8,16,3
2021,Analista de Datos,Junior,México,2428.11,20,25
2020,Administrador de Sistemas,Senior,Chile,3324.08,16,10
2018,Analista de Datos,Senior,Chile,6448.71,13,1
2014,Ingeniero de Software,Junior,Perú,4898.47,21,13
2020,Soporte Técnico,Semi-Senior,Brasil,7968.72,15,43
2020,Gerente de Proyectos,Senior,Argentina,8673.26,23,29
2022,Desarrollador Frontend,Junior,Uruguay,5874.82,21,48
2016,Científico de Datos,Semi-Senior,Brasil,7824.41,20,11
2022,Administrador de Sistemas,Senior,Brasil,3762.14,28,25
2014,Ingeniero de Datos,Semi-Senior,Colombia,4734.74,14,43
2014,Ingeniero de Datos,Semi-Senior,Perú,7415.0,23,32
2017,Ingeniero de Datos,Semi-Senior,Colombia,4475.91,25,12
2022,Desarrollador Frontend,Semi-Senior,Brasil,6296.54,22,13
2019,Ingeniero de Datos,Senior,Brasil,2668.36,29,23
2016,Desarrollador Backend,Senior,Brasil,6397.94,13,33
2014,Administrador de Sistemas,Senior,México,8753.62,20,43
2017,Desarrollador Backend,Junior,Uruguay,8817.76,26,25
2022,Soporte Técnico,Senior,Uruguay,7519.1,16,20
2016,Administrador de Sistemas,Semi-Senior,Colombia,7711.78,23,27
2022,Desarrollador Backend,Senior,Brasil,6021.35,20,47
2020,Administrador de Sistemas,Semi-Senior,Uruguay,6262.01,18,35
2017,Soporte Técnico,Junior,Chile,2202.86,22,39
2016,Diseñador UX/UI,Semi-Senior,Uruguay,4994.73,27,1
2023,Desarrollador Frontend,Semi-Senior,Perú,5056.99,20,41
2018,Desarrollador Frontend,Semi-Senior,Perú,9626.48,24,8
2018,Ingeniero de Datos,Junior,Uruguay,4879.78,28,22
2016,Analista de Datos,Senior,Chile,5944.08,10,14
2022,Ingeniero de Datos,Senior,Perú,5799.26,13,12
2017,Ingeniero de Software,Junior,México,6730.86,23,22
2018,Desarrollador Backend,Semi-Senior,Uruguay,7734.1,23,16
2017,Administrador de Sistemas,Senior,México,3025.38,12,47
2018,Analista de Datos,Junior,Uruguay,5758.52,26,1
2020,Soporte Técnico,Senior,Argentina,8433.26,12,19
2022,Ingeniero de Software,Junior,Argentina,5168.03,25,19
2020,Soporte Técnico,Semi-Senior,Argentina,3506.12,23,45
2018,Desarrollador Frontend,Senior,Perú,6892.38,29,2
2023,Desarrollador Frontend,Junior,México,8413.91,22,11
2023,Ingeniero de Datos,Senior,México,1568.26,24,39
2020,Desarrollador Backend,Senior,México,7991.11,23,1
2023,Analista de Datos,Senior,Chile,8394.83,28,35
2018,Gerente de Proyectos,Senior,México,5153.71,15,13
2016,Ingeniero de Software,Junior,Chile,9849.75,19,15
2020,Ingeniero de Software,Semi-Senior,Argentina,8080.38,24,18
2015,Ingeniero de Datos,Junior,Argentina,7962.96,29,33
2022,Desarrollador Frontend,Junior,Perú,7730.55,15,43
2023,Ingeniero de Datos,Junior,Uruguay,2355.47,19,45
2023,Administrador de Sistemas,Semi-Senior,Argentina,2955.08,16,5
2014,Analista de Datos,Senior,Uruguay,5175.91,26,12
2019,Desarrollador Backend,Senior,Uruguay,3376.04,27,35
2020,Diseñador UX/UI,Senior,Perú,4737.17,26,21
2021,Científico de Datos,Semi-Senior,Brasil,8996.18,18,17
2023,Científico de Datos,Senior,Brasil,8418.94,19,11
2022,Ingeniero de Datos,Semi-Senior,Colombia,6670.36,19,29
2015,Administrador de Sistemas,Senior,Perú,8723.08,16,39
2023,Analista de Datos,Senior,Colombia,8053.95,25,6
2015,Gerente de Proyectos,Junior,Colombia,4860.86,27,31
2018,Científico de Datos,Semi-Senior,Brasil,2809.59,15,47
2018,Analista de Datos,Junior,Perú,5627.81,29,18
2019,Desarrollador Backend,Junior,Brasil,7626.06,10,5
2016,Soporte Técnico,Junior,Colombia,4927.78,10,19
2021,Administrador de Sistemas,Semi-Senior,Perú,7000.95,21,26
2014,Desarrollador Frontend,Semi-Senior,Colombia,1848.95,11,42
2019,Analista de Datos,Senior,México,7732.04,13,36
2017,Desarrollador Backend,Junior,Uruguay,8314.42,26,47
2014,Gerente de Proyectos,Senior,Perú,7361.54,13,6
2020,Diseñador UX/UI,Junior,Perú,9705.37,20,4
2022,Desarrollador Frontend,Semi-Senior,Uruguay,8439.87,13,10
2017,Diseñador UX/UI,Semi-Senior,Colombia,9127.84,10,14
2017,Gerente de Proyectos,Semi-Senior,México,9402.14,16,2
2019,Desarrollador Backend,Junior,Chile,8212.13,27,4
2016,Científico de Datos,Semi-Senior,Uruguay,7068.33,18,22
2019,Diseñador UX/UI,Junior,Brasil,1051.47,12,36
2020,Desarrollador Frontend,Senior,Colombia,5192.43,17,8
2023,Ingeniero de Datos,Junior,Uruguay,6140.46,28,14
2023,Ingeniero de Software,Senior,Uruguay,3736.27,13,2
2016,Analista de Datos,Junior,Perú,3862.94,27,28
2020,Científico de Datos,Senior,Brasil,9650.43,29,5
2016,Diseñador UX/UI,Semi-Senior,Brasil,9025.4,20,16
2015,Soporte Técnico,Senior,Brasil,8642.61,23,25
2023,Analista de Datos,Semi-Senior,Uruguay,4654.11,27,20
2017,Ingeniero de Datos,Semi-Senior,Chile,1123.29,25,7
2021,Gerente de Proyectos,Senior,Argentina,1722.0,12,20
2022,Ingeniero de Software,Junior,Colombia,3809.77,24,10
2020,Desarrollador Backend,Junior,Argentina,1141.69,13,37
2014,Ingeniero de Datos,Junior,Uruguay,1154.35,14,7
2016,Ingeniero de Datos,Junior,Argentina,9249.43,26,41
2022,Gerente de Proyectos,Junior,Uruguay,7355.43,16,23
2014,Administrador de Sistemas,Semi-Senior,Argentina,3780.6,25,34
2022,Gerente de Proyectos,Junior,Brasil,2193.8,23,13
2021,Administrador de Sistemas,Semi-Senior,México,5604.72,25,13
2014,Administrador de Sistemas,Semi-Senior,Brasil,1048.12,16,9
2019,Científico de Datos,Semi-Senior,Brasil,9445.72,18,11
2018,Científico de Datos,Senior,Perú,4733.34,13,37
2019,Desarrollador Frontend,Senior,Perú,4621.01,20,43
2023,Diseñador UX/UI,Semi-Senior,Argentina,4515.34,11,45
2018,Diseñador UX/UI,Senior,Uruguay,1623.95,21,33
2019,Desarrollador Backend,Junior,Brasil,6744.9,21,40
2018,Diseñador UX/UI,Junior,Argentina,7597.03,13,9
2018,Científico de Datos,Semi-Senior,Perú,7085.13,27,16
2017,Desarrollador Frontend,Junior,México,2245.92,16,16
2016,Desarrollador Frontend,Semi-Senior,Colombia,6209.56,10,2
2016,Administrador de Sistemas,Semi-Senior,Argentina,6125.36,22,30
2017,Gerente de Proyectos,Junior,México,8815.7,15,0
2022,Desarrollador Backend,Senior,Colombia,4412.15,15,11
2015,Administrador de Sistemas,Junior,Chile,4343.37,21,38
2022,Gerente de Proyectos,Junior,Argentina,6566.74,17,3
2014,Diseñador UX/UI,Semi-Senior,Argentina,6697.65,28,41
2014,Administrador de Sistemas,Semi-Senior,Chile,5223.57,14,12
2018,Analista de Datos,Semi-Senior,Chile,4987.53,27,33
2019,Diseñador UX/UI,Semi-Senior,Argentina,5447.33,14,41
2019,Gerente de Proyectos,Senior,Chile,8749.41,19,20
2016,Desarrollador Backend,Senior,Brasil,5150.5,10,21
2020,Gerente de Proyectos,Senior,Colombia,9459.39,19,3
2022,Administrador de Sistemas,Semi-Senior,Colombia,5536.03,14,17
2023,Administrador de Sistemas,Semi-Senior,Colombia,9542.81,21,4
2021,Ingeniero de Datos,Semi-Senior,Brasil,8495.49,16,18
2019,Desarrollador Backend,Senior,Uruguay,4261.88,18,1
2021,Soporte Técnico,Semi-Senior,Chile,8772.77,21,11
2018,Diseñador UX/UI,Junior,México,1990.57,10,16
2021,Desarrollador Frontend,Junior,Chile,9325.42,20,9
2023,Desarrollador Backend,Semi-Senior,Argentina,6684.79,24,33
2017,Desarrollador Frontend,Junior,Perú,1489.52,11,5
2023,Desarrollador Backend,Junior,Colombia,6798.31,29,7
2021,Desarrollador Backend,Senior,Chile,9768.23,16,10
2023,Gerente de Proyectos,Semi-Senior,México,1628.21,21,11
2015,Desarrollador Backend,Semi-Senior,Argentina,5992.19,27,8
2018,Ingeniero de Datos,Senior,Brasil,7730.15,12,1
2022,Soporte Técnico,Junior,Uruguay,8292.33,16,7
2017,Administrador de Sistemas,Junior,Brasil,4724.45,20,10
2019,Ingeniero de Software,Semi-Senior,México,2837.5,27,35
2014,Desarrollador Frontend,Junior,Argentina,1381.08,21,9
2022,Administrador de Sistemas,Senior,Colombia,6217.54,15,20
2014,Ingeniero de Software,Senior,Chile,5076.2,14,19
2018,Soporte Técnico,Semi-Senior,Argentina,9538.7,10,47
2017,Soporte Técnico,Senior,Uruguay,1545.44,21,7
2016,Desarrollador Frontend,Senior,Brasil,7168.56,20,35
2019,Desarrollador Frontend,Semi-Senior,Uruguay,1224.7,13,28
2015,Soporte Técnico,Senior,Uruguay,2542.91,27,41
2016,Ingeniero de Software,Senior,México,5082.21,13,11
2018,Desarrollador Backend,Senior,México,5093.85,26,13
2022,Diseñador UX/UI,Junior,Chile,7171.3,11,47
2015,Analista de Datos,Semi-Senior,México,9191.92,11,49
2023,Administrador de Sistemas,Semi-Senior,México,6751.29,21,20
2021,Gerente de Proyectos,Semi-Senior,Argentina,9581.82,15,21
2015,Administrador de Sistemas,Junior,Colombia,8934.54,19,20
2018,Gerente de Proyectos,Junior,Chile,6260.5,25,43
2020,Ingeniero de Software,Semi-Senior,Argentina,8504.13,23,49
2021,Gerente de Proyectos,Junior,Colombia,6783.2,16,29
2014,Desarrollador Frontend,Semi-Senior,Uruguay,1707.02,28,38
2019,Diseñador UX/UI,Junior,Argentina,7665.08,26,19
2014,Diseñador UX/UI,Senior,Perú,1854.18,18,23
2015,Desarrollador Frontend,Senior,Argentina,6346.75,22,22
2014,Ingeniero de Datos,Semi-Senior,México,7323.76,14,6
2018,Ingeniero de Software,Junior,Colombia,1598.75,14,8
2023,Ingeniero de Datos,Junior,Chile,3077.15,19,0
2022,Ingeniero de Datos,Senior,Chile,9241.05,19,25
2019,Administrador de Sistemas,Senior,Colombia,6546.83,16,37
2014,Soporte Técnico,Junior,México,3216.57,24,37
2014,Administrador de Sistemas,Junior,Brasil,7216.12,16,43
2015,Soporte Técnico,Junior,Argentina,6370.99,24,21
2022,Analista de Datos,Junior,México,5514.18,12,43
2016,Gerente de Proyectos,Junior,Perú,9785.68,28,9
2014,Soporte Técnico,Junior,Uruguay,7151.08,19,5
2018,Desarrollador Frontend,Semi-Senior,Colombia,4378.97,24,16
2020,Administrador de Sistemas,Junior,Argentina,8200.66,12,49
2019,Ingeniero de Software,Senior,Chile,8961.25,15,37
2014,Gerente de Proyectos,Semi-Senior,Uruguay,2126.99,21,23
2018,Analista de Datos,Junior,Brasil,2804.98,24,9
2018,Soporte Técnico,Senior,Perú,2946.04,15,7
2019,Analista de Datos,Semi-Senior,Chile,7220.91,22,20
2016,Ingeniero de Software,Senior,Colombia,6427.36,28,5
2018,Ingeniero de Datos,Junior,Argentina,6570.92,12,20
2020,Diseñador UX/UI,Junior,Colombia,9466.96,17,38
2018,Ingeniero de Software,Junior,Uruguay,7983.2,17,23
2018,Científico de Datos,Junior,Argentina,2151.43,29,32
2018,Ingeniero de Software,Semi-Senior,México,4127.56,24,17
2023,Analista de Datos,Semi-Senior,Brasil,4918.54,13,27
2023,Desarrollador Frontend,Senior,México,4563.65,28,31
2016,Administrador de Sistemas,Junior,México,7023.78,12,11
2014,Desarrollador Frontend,Senior,Colombia,9027.04,22,47
2018,Analista de Datos,Semi-Senior,Uruguay,3754.46,17,41
2022,Administrador de Sistemas,Junior,Brasil,5966.89,25,26
2014,Científico de Datos,Junior,Argentina,8104.68,22,9
2016,Diseñador UX/UI,Semi-Senior,Argentina,4745.96,12,45
2017,Gerente de Proyectos,Semi-Senior,Perú,2513.06,25,41
2014,Analista de Datos,Semi-Senior,Chile,5274.56,18,31
2014,Soporte Técnico,Semi-Senior,Perú,1497.0,23,41
2021,Analista de Datos,Semi-Senior,Perú,9481.45,22,25
2015,Analista de Datos,Junior,Argentina,1673.39,16,24
2021,Administrador de Sistemas,Semi-Senior,Colombia,4946.11,24,10
2020,Desarrollador Backend,Junior,México,5768.93,16,22
2023,Ingeniero de Software,Junior,Uruguay,9867.73,15,33
2023,Desarrollador Backend,Semi-Senior,México,2494.2,11,39
2015,Científico de Datos,Semi-Senior,México,2029.88,18,22
2019,Soporte Técnico,Junior,Brasil,1078.36,26,28
2019,Diseñador UX/UI,Semi-Senior,Argentina,2400.14,14,30
2016,Ingeniero de Datos,Semi-Senior,Uruguay,2865.46,21,6
2015,Científico de Datos,Semi-Senior,Colombia,6675.23,10,39
2014,Ingeniero de Datos,Senior,Brasil,2977.36,19,32
2019,Ingeniero de Datos,Junior,Chile,1184.69,20,20
2018,Diseñador UX/UI,Senior,Colombia,8439.57,25,1
2022,Desarrollador Frontend,Semi-Senior,Perú,4290.36,23,17
2014,Desarrollador Backend,Senior,Colombia,4183.27,17,46
2020,Analista de Datos,Semi-Senior,Colombia,3722.31,26,32
2018,Gerente de Proyectos,Senior,México,9778.36,27,36
2018,Ingeniero de Datos,Semi-Senior,Colombia,2531.04,21,33
2015,Soporte Técnico,Senior,Perú,9084.14,26,19
2016,Científico de Datos,Senior,Perú,7991.23,23,34
2020,Desarrollador Frontend,Senior,Argentina,1688.32,25,49
2019,Ingeniero de Datos,Junior,Colombia,9880.56,23,17
2015,Desarrollador Frontend,Senior,México,3442.29,18,45
2019,Desarrollador Frontend,Junior,Colombia,1887.25,13,23
2015,Ingeniero de Datos,Semi-Senior,Chile,8463.83,20,7
2015,Administrador de Sistemas,Senior,Chile,7360.08,15,29
2015,Ingeniero de Software,Semi-Senior,México,6554.97,24,43
2016,Soporte Técnico,Semi-Senior,Argentina,2403.83,14,9
2015,Analista de Datos,Senior,Argentina,5306.47,20,22
2017,Analista de Datos,Junior,Perú,8025.0,27,48
2022,Soporte Técnico,Senior,Perú,3732.62,22,10
2019,Administrador de Sistemas,Semi-Senior,Brasil,3805.21,20,1
2014,Analista de Datos,Semi-Senior,México,1028.27,23,25
2021,Desarrollador Frontend,Senior,Colombia,2568.19,27,35
2020,Diseñador UX/UI,Junior,Uruguay,8878.65,28,32
2023,Científico de Datos,Junior,México,4975.72,24,46
2016,Desarrollador Backend,Semi-Senior,Brasil,9858.11,18,12
2014,Analista de Datos,Semi-Senior,Perú,4561.37,17,39
2018,Soporte Técnico,Junior,México,7436.68,29,24
2017,Diseñador UX/UI,Senior,México,3537.27,10,3
2023,Ingeniero de Datos,Semi-Senior,Perú,4274.29,13,41
2021,Ingeniero de Software,Junior,Brasil,2716.53,23,18
2014,Soporte Técnico,Semi-Senior,Perú,4123.56,11,17
2023,Desarrollador Frontend,Senior,Argentina,5925.14,25,36
2014,Ingeniero de Software,Junior,Colombia,9925.96,12,29
2017,Científico de Datos,Semi-Senior,Perú,6977.82,17,18
2021,Científico de Datos,Senior,Brasil,2793.21,15,22
2018,Administrador de Sistemas,Semi-Senior,Chile,1404.65,25,15
2015,Gerente de Proyectos,Senior,Argentina,2137.21,25,0
2019,Administrador de Sistemas,Senior,Chile,6063.0,16,11
2018,Diseñador UX/UI,Junior,Uruguay,7886.44,22,23
2015,Ingeniero de Software,Senior,Perú,9463.77,22,33
2016,Gerente de Proyectos,Semi-Senior,Argentina,1142.41,14,7
2022,Ingeniero de Datos,Senior,Colombia,5704.84,29,17
2020,Desarrollador Frontend,Senior,Perú,5237.81,27,47
2020,Ingeniero de Software,Junior,Colombia,6904.5,24,4
2019,Administrador de Sistemas,Senior,México,6036.21,27,25
2021,Desarrollador Backend,Senior,Chile,7183.35,11,29
2017,Gerente de Proyectos,Semi-Senior,Argentina,6922.74,19,12
2021,Gerente de Proyectos,Junior,Colombia,2053.11,22,18
2017,Desarrollador Frontend,Junior,Brasil,8197.46,27,28
2021,Analista de Datos,Junior,Colombia,2109.09,24,2
2022,Científico de Datos,Senior,Brasil,7286.78,21,25
2016,Científico de Datos,Junior,Perú,4745.31,24,39
2016,Desarrollador Backend,Senior,Argentina,5624.66,22,11
2015,Diseñador UX/UI,Senior,Colombia,9129.68,27,1
2023,Diseñador UX/UI,Semi-Senior,Uruguay,9008.95,24,10
2016,Ingeniero de Datos,Semi-Senior,Colombia,8360.71,20,43
2016,Ingeniero de Software,Semi-Senior,Uruguay,5591.34,28,27
2018,Soporte Técnico,Semi-Senior,Argentina,7626.16,12,17
2018,Analista de Datos,Semi-Senior,Colombia,5616.07,16,12
2015,Administrador de Sistemas,Senior,Brasil,8826.45,23,36
2023,Soporte Técnico,Senior,Colombia,4624.98,23,21
2019,Soporte Técnico,Junior,Chile,9732.12,22,11
2018,Gerente de Proyectos,Senior,Perú,9390.9,21,1
2019,Desarrollador Backend,Senior,México,7674.42,18,36
2014,Científico de Datos,Semi-Senior,Brasil,3514.74,10,6
2018,Ingeniero de Datos,Senior,Chile,2184.88,28,25
2022,Diseñador UX/UI,Semi-Senior,Uruguay,8692.33,20,25
2023,Desarrollador Backend,Junior,Perú,2487.72,28,23
2015,Gerente de Proyectos,Junior,Argentina,8688.35,27,11
2014,Administrador de Sistemas,Senior,Brasil,5416.89,21,15
2023,Ingeniero de Datos,Junior,México,4659.01,10,22
2022,Gerente de Proyectos,Senior,Perú,9128.72,28,39
2023,Científico de Datos,Junior,Uruguay,6434.66,29,8
2022,Científico de Datos,Semi-Senior,México,6189.53,26,31
2022,Científico de Datos,Semi-Senior,Argentina,6028.89,14,14
2019,Desarrollador Backend,Semi-Senior,Argentina,4340.53,12,36
2021,Desarrollador Backend,Semi-Senior,Uruguay,8070.79,11,12
2014,Diseñador UX/UI,Senior,Brasil,3275.19,12,4
2023,Diseñador UX/UI,Junior,Uruguay,9450.05,17,10
2017,Administrador de Sistemas,Senior,Colombia,9045.87,25,9
2014,Ingeniero de Datos,Semi-Senior,Argentina,4037.32,15,12
2021,Desarrollador Frontend,Senior,Perú,7565.17,22,40
2014,Desarrollador Frontend,Junior,Colombia,6159.01,25,45
2016,Gerente de Proyectos,Senior,Chile,4038.84,25,49
2017,Científico de Datos,Junior,México,9896.69,12,14
2021,Ingeniero de Datos,Senior,Colombia,1227.14,22,41
2019,Soporte Técnico,Junior,México,3273.81,23,6
2023,Desarrollador Backend,Junior,Uruguay,5680.67,17,39
2020,Ingeniero de Software,Semi-Senior,Colombia,5697.58,21,27
2021,Analista de Datos,Junior,Uruguay,6300.4,17,31
2015,Administrador de Sistemas,Semi-Senior,Chile,7765.09,18,34
2023,Científico de Datos,Semi-Senior,Argentina,6611.3,10,14
2021,Científico de Datos,Semi-Senior,Chile,6402.53,15,47
2016,Científico de Datos,Senior,Argentina,1481.63,28,35
2020,Desarrollador Backend,Senior,Uruguay,4388.77,20,20
2016,Desarrollador Backend,Senior,Argentina,3088.5,20,5
2020,Analista de Datos,Senior,México,3388.33,22,0
2015,Soporte Técnico,Junior,Perú,5989.04,20,3
2023,Ingeniero de Datos,Junior,Chile,2795.55,27,10
2019,Científico de Datos,Senior,Colombia,3645.54,24,43
2016,Desarrollador Frontend,Junior,Chile,3133.76,10,25
2016,Diseñador UX/UI,Junior,México,9536.53,16,36
2022,Desarrollador Frontend,Semi-Senior,Argentina,9501.99,22,22
2020,Gerente de Proyectos,Semi-Senior,México,6489.47,21,28
2018,Desarrollador Frontend,Semi-Senior,Brasil,9320.7,27,20
2023,Gerente de Proyectos,Semi-Senior,Brasil,8072.31,28,47
2020,Ingeniero de Software,Junior,Colombia,6309.53,24,44
2022,Diseñador UX/UI,Senior,México,1057.92,17,44
2014,Desarrollador Frontend,Junior,Uruguay,7952.65,28,48
2020,Ingeniero de Software,Junior,Colombia,7322.4,19,26
2019,Administrador de Sistemas,Junior,Uruguay,6537.28,16,38
2023,Ingeniero de Datos,Semi-Senior,Colombia,7843.82,27,39
2022,Ingeniero de Software,Semi-Senior,Brasil,5616.3,25,12
2014,Ingeniero de Datos,Semi-Senior,Colombia,7336.75,29,22
2017,Desarrollador Frontend,Senior,Brasil,9416.55,15,15
2022,Soporte Técnico,Junior,Argentina,4382.25,18,29
2017,Ingeniero de Software,Senior,Uruguay,7373.1,22,3
2023,Diseñador UX/UI,Semi-Senior,México,5281.19,17,39
2016,Desarrollador Frontend,Senior,Colombia,7069.6,25,15
2022,Científico de Datos,Junior,Brasil,7866.04,22,30
2015,Desarrollador Backend,Junior,Chile,1409.07,22,41
2017,Ingeniero de Software,Semi-Senior,Uruguay,6819.4,26,24
2019,Diseñador UX/UI,Semi-Senior,Colombia,3040.67,29,43
2015,Administrador de Sistemas,Senior,Perú,7030.29,14,11
2021,Científico de Datos,Semi-Senior,Argentina,5214.97,26,25
2021,Administrador de Sistemas,Semi-Senior,Argentina,7961.97,18,36
2014,Desarrollador Frontend,Junior,Chile,2110.61,11,47
2016,Desarrollador Backend,Semi-Senior,Brasil,6636.9,27,32
2023,Ingeniero de Software,Semi-Senior,Colombia,3506.24,18,27
2022,Ingeniero de Software,Junior,Uruguay,8676.84,15,8
2018,Soporte Técnico,Junior,Brasil,9355.45,20,11
2019,Soporte Técnico,Senior,Argentina,9967.58,15,4
2017,Desarrollador Frontend,Semi-Senior,Brasil,8164.07,15,27
2023,Desarrollador Frontend,Junior,Argentina,7783.61,22,34
2015,Desarrollador Backend,Senior,Brasil,2939.51,20,4
2021,Soporte Técnico,Senior,Chile,4024.06,23,33
2019,Diseñador UX/UI,Semi-Senior,México,5191.14,11,45
2018,Diseñador UX/UI,Semi-Senior,Chile,7960.43,17,33
2022,Desarrollador Backend,Senior,Chile,9234.69,12,12
2014,Diseñador UX/UI,Junior,México,2702.25,12,38
2018,Gerente de Proyectos,Senior,México,9301.31,10,41
2019,Ingeniero de Datos,Semi-Senior,Colombia,7260.62,28,44
2018,Desarrollador Backend,Junior,Uruguay,6496.94,27,47
2019,Desarrollador Backend,Junior,Uruguay,2798.57,26,13
2019,Analista de Datos,Senior,Colombia,1499.73,29,10
2020,Científico de Datos,Semi-Senior,Chile,6116.18,22,41
2017,Científico de Datos,Senior,Chile,6863.64,12,37
2021,Gerente de Proyectos,Senior,Argentina,2897.03,10,3
2020,Soporte Técnico,Senior,Argentina,6008.11,13,32
2022,Desarrollador Frontend,Junior,Uruguay,8708.44,22,6
2020,Desarrollador Frontend,Junior,Colombia,8515.59,26,40
2016,Administrador de Sistemas,Semi-Senior,Perú,9346.2,20,7
2016,Gerente de Proyectos,Semi-Senior,Perú,4292.97,11,36
2021,Desarrollador Backend,Senior,Colombia,3862.45,25,9
2018,Gerente de Proyectos,Senior,Argentina,7744.83,11,42
2017,Gerente de Proyectos,Senior,Uruguay,4880.01,28,14
2021,Gerente de Proyectos,Semi-Senior,Uruguay,1787.94,28,37
2019,Científico de Datos,Junior,Argentina,3545.21,25,14
2015,Gerente de Proyectos,Junior,Perú,4767.24,28,4
2017,Ingeniero de Datos,Senior,Brasil,3632.65,18,28
2017,Desarrollador Frontend,Senior,Brasil,3989.85,10,18
2019,Administrador de Sistemas,Senior,Argentina,3643.98,19,9
2019,Ingeniero de Datos,Senior,Brasil,1373.49,28,11
2014,Administrador de Sistemas,Semi-Senior,México,6733.85,10,3
2021,Analista de Datos,Junior,Colombia,6375.63,11,30
2019,Administrador de Sistemas,Senior,Colombia,6880.45,25,17
2016,Desarrollador Frontend,Semi-Senior,Argentina,2730.79,21,15
2022,Desarrollador Frontend,Senior,Chile,3660.89,17,39
2015,Gerente de Proyectos,Senior,Perú,6576.54,27,35
2021,Ingeniero de Software,Junior,Argentina,6396.65,11,24
2023,Analista de Datos,Senior,Brasil,5556.97,22,22
2016,Desarrollador Backend,Junior,Perú,4153.72,15,11
2018,Diseñador UX/UI,Junior,Chile,9216.38,15,33
2019,Administrador de Sistemas,Junior,Brasil,4057.93,18,35
2023,Ingeniero de Software,Semi-Senior,Uruguay,5100.57,25,36
2019,Gerente de Proyectos,Semi-Senior,México,7103.02,20,2
2017,Científico de Datos,Junior,Brasil,5887.19,16,8
2016,Desarrollador Backend,Senior,México,4121.97,19,17
2017,Soporte Técnico,Junior,Perú,4920.8,19,42
2014,Ingeniero de Software,Senior,México,8150.33,29,34
2017,Científico de Datos,Junior,Perú,3503.16,27,33
2014,Analista de Datos,Senior,Perú,2280.3,29,40
2014,Gerente de Proyectos,Semi-Senior,Perú,3818.47,18,13
2023,Desarrollador Backend,Senior,Perú,8645.81,24,3
2019,Desarrollador Backend,Junior,Perú,1800.91,13,28
2018,Desarrollador Backend,Semi-Senior,Brasil,9925.26,17,40
2017,Analista de Datos,Senior,Perú,5869.03,18,44
2016,Administrador de Sistemas,Senior,Brasil,9863.61,22,49
2014,Soporte Técnico,Senior,Perú,9450.97,18,14
2019,Analista de Datos,Senior,México,5075.32,13,27
2015,Diseñador UX/UI,Senior,Uruguay,2786.42,26,41
2021,Soporte Técnico,Semi-Senior,Perú,2483.96,25,15
2023,Desarrollador Frontend,Semi-Senior,Chile,3159.9,24,11
2018,Gerente de Proyectos,Semi-Senior,Perú,7391.19,12,4
2020,Analista de Datos,Semi-Senior,Perú,3456.55,29,33
2023,Científico de Datos,Junior,México,4072.83,14,41
2015,Soporte Técnico,Semi-Senior,Colombia,5039.01,14,0
2021,Diseñador UX/UI,Senior,México,9219.09,29,38
2015,Desarrollador Frontend,Senior,Chile,2704.54,24,31
2017,Administrador de Sistemas,Semi-Senior,Colombia,1045.24,27,25
2014,Científico de Datos,Senior,Argentina,1540.87,24,16
2018,Soporte Técnico,Semi-Senior,Argentina,9142.9,11,47
2022,Gerente de Proyectos,Senior,Chile,6827.65,22,26
2014,Científico de Datos,Junior,México,3457.37,13,23
2022,Desarrollador Frontend,Junior,Brasil,2594.73,19,34
2021,Científico de Datos,Semi-Senior,Chile,3648.4,22,45
2019,Ingeniero de Datos,Semi-Senior,Uruguay,2033.17,19,41
2020,Ingeniero de Software,Semi-Senior,Colombia,9473.8,18,38
2016,Administrador de Sistemas,Senior,Colombia,8057.86,17,25
2014,Desarrollador Frontend,Semi-Senior,Perú,5161.52,12,48
2018,Científico de Datos,Junior,Argentina,8784.66,25,37
2015,Ingeniero de Software,Senior,Colombia,3245.12,23,22
2018,Ingeniero de Software,Semi-Senior,Chile,7454.09,18,21
2021,Científico de Datos,Senior,Colombia,8705.19,20,3
2022,Gerente de Proyectos,Senior,Chile,4210.92,12,48
2015,Ingeniero de Datos,Semi-Senior,Brasil,7817.18,14,8
2016,Analista de Datos,Senior,Perú,3655.65,19,3
2016,Ingeniero de Datos,Junior,Argentina,3689.71,22,6
2014,Científico de Datos,Junior,Colombia,1963.51,13,22
2021,Administrador de Sistemas,Senior,Chile,4960.52,22,1
2019,Analista de Datos,Semi-Senior,México,7567.41,21,48
2021,Desarrollador Frontend,Senior,Argentina,9461.99,14,23
2022,Ingeniero de Datos,Junior,Brasil,6434.17,19,39
2018,Científico de Datos,Senior,Chile,8768.22,18,30
2016,Ingeniero de Datos,Senior,Uruguay,8402.45,29,46
2018,Analista de Datos,Junior,Uruguay,2560.09,16,30
2018,Diseñador UX/UI,Senior,Perú,5372.36,11,46
2018,Soporte Técnico,Senior,Perú,2052.31,16,39
2016,Ingeniero de Datos,Semi-Senior,Brasil,7139.38,17,47
2023,Desarrollador Frontend,Semi-Senior,Brasil,9549.1,16,42
2017,Desarrollador Frontend,Junior,Perú,2233.81,23,33
2022,Desarrollador Backend,Junior,Colombia,7604.95,28,23
2023,Ingeniero de Datos,Junior,Colombia,6690.14,14,48
2022,Soporte Técnico,Semi-Senior,Chile,6252.45,27,25
2015,Gerente de Proyectos,Junior,México,4511.08,29,15
2021,Ingeniero de Software,Junior,Chile,4196.18,21,46
2021,Soporte Técnico,Junior,México,1407.24,26,12
2020,Ingeniero de Software,Semi-Senior,Brasil,2961.18,22,14
2021,Ingeniero de Software,Senior,Argentina,1136.59,11,26
2016,Diseñador UX/UI,Junior,Chile,6232.75,22,3
2019,Desarrollador Backend,Senior,Chile,1952.68,16,15
2014,Soporte Técnico,Junior,México,8857.17,19,29
2020,Soporte Técnico,Senior,Brasil,5708.29,15,43
2014,Diseñador UX/UI,Semi-Senior,Brasil,7297.21,12,29
2022,Ingeniero de Datos,Semi-Senior,Uruguay,4697.71,12,35
2014,Ingeniero de Datos,Junior,México,6045.22,27,2
2014,Ingeniero de Datos,Senior,Brasil,9483.93,20,21
2020,Administrador de Sistemas,Semi-Senior,Perú,1744.61,29,48
2015,Ingeniero de Software,Junior,Colombia,3285.44,14,21
2018,Administrador de Sistemas,Junior,Uruguay,8019.89,28,49
2021,Desarrollador Backend,Semi-Senior,Perú,1888.63,28,49
2021,Diseñador UX/UI,Semi-Senior,Argentina,1680.95,24,48
2016,Soporte Técnico,Junior,Chile,4253.87,25,11
2020,Ingeniero de Software,Senior,Uruguay,1829.51,18,20
2016,Administrador de Sistemas,Senior,Argentina,6265.71,13,3
2019,Administrador de Sistemas,Senior,Chile,3036.48,24,30
2019,Científico de Datos,Junior,Colombia,9061.28,21,43
2016,Administrador de Sistemas,Semi-Senior,Brasil,8051.5,12,30
2020,Gerente de Proyectos,Junior,Perú,7297.35,23,22
2016,Soporte Técnico,Semi-Senior,México,6552.5,26,19
2021,Gerente de Proyectos,Senior,Perú,8771.19,28,14
2023,Soporte Técnico,Senior,Colombia,3007.56,15,22
2017,Diseñador UX/UI,Semi-Senior,Argentina,8857.98,13,27
2014,Soporte Técnico,Semi-Senior,México,8105.43,16,15
2017,Gerente de Proyectos,Junior,Brasil,7733.45,28,36
2020,Soporte Técnico,Senior,Colombia,6051.3,26,20
2017,Diseñador UX/UI,Junior,México,3216.2,25,14
2019,Diseñador UX/UI,Junior,Colombia,4811.93,24,16
2022,Desarrollador Backend,Junior,Colombia,8142.14,17,49
2014,Soporte Técnico,Senior,Brasil,1286.01,28,36
2018,Científico de Datos,Junior,Uruguay,8038.46,17,12
2020,Ingeniero de Datos,Junior,Chile,3160.64,27,18
2014,Desarrollador Frontend,Junior,México,2298.78,25,29
2017,Diseñador UX/UI,Junior,Brasil,2041.31,29,44
2019,Analista de Datos,Junior,Colombia,1245.25,28,17
2015,Ingeniero de Datos,Junior,Brasil,5712.28,19,13
2023,Ingeniero de Software,Senior,Uruguay,2964.34,26,35
2018,Soporte Técnico,Junior,Chile,9904.89,22,35
2023,Gerente de Proyectos,Semi-Senior,Perú,6169.93,22,19
2014,Desarrollador Frontend,Junior,México,2240.97,16,18
2019,Analista de Datos,Junior,Chile,7198.86,19,44
2019,Ingeniero de Datos,Senior,Argentina,9079.69,11,43
2017,Soporte Técnico,Senior,México,7706.62,13,6
2021,Desarrollador Backend,Semi-Senior,Chile,1687.96,15,43
2017,Ingeniero de Software,Semi-Senior,Colombia,9062.96,27,3
2021,Desarrollador Frontend,Senior,México,8145.36,15,33
2021,Científico de Datos,Senior,México,2424.74,26,1
2018,Desarrollador Backend,Junior,Brasil,1466.07,23,4
2017,Analista de Datos,Senior,Colombia,6015.8,20,9
2015,Desarrollador Frontend,Semi-Senior,Argentina,2404.32,28,31
2016,Desarrollador Backend,Junior,Perú,8511.32,11,41
2016,Ingeniero de Software,Semi-Senior,Uruguay,4225.01,12,40
2017,Científico de Datos,Junior,Chile,9216.03,20,12
2017,Desarrollador Backend,Senior,Brasil,6091.19,15,38
2023,Administrador de Sistemas,Semi-Senior,Chile,2644.05,23,4
2018,Científico de Datos,Junior,Argentina,2256.39,28,9
2017,Analista de Datos,Junior,Argentina,6188.25,25,9
2023,Ingeniero de Software,Senior,México,7856.95,16,37
2021,Soporte Técnico,Senior,Uruguay,8033.55,17,26
2019,Gerente de Proyectos,Senior,Argentina,3481.82,28,20
2019,Gerente de Proyectos,Semi-Senior,Chile,2838.22,29,7
2021,Gerente de Proyectos,Junior,Colombia,1150.81,25,0
2020,Desarrollador Frontend,Senior,Colombia,7112.79,16,27
2023,Analista de Datos,Semi-Senior,México,1689.11,18,48
2023,Ingeniero de Software,Semi-Senior,Perú,4786.85,22,38
2021,Científico de Datos,Semi-Senior,Chile,6415.14,10,13
2015,Desarrollador Frontend,Senior,Chile,9433.98,17,20
2022,Analista de Datos,Senior,Argentina,3806.22,13,29
